'Page Number,'Tipo,'Texto,'Confidence Score % (Line),
"'1","'LINE","'GOVERNO DO ESTADO DO","'95.48915100"
"'1","'LINE","'AMAZONAS","'99.52680206"
"'1","'LINE","'JUNTA MÉDICA - PERICIAL DO ESTADO","'96.25740051"
"'1","'LINE","'A Junta Médica Pericial do Estado","'98.99850464"
"'1","'LINE","'servidor(a) AMANDA GOMES DE OLIVEIRA","'98.78897095"
"'1","'LINE","'CPF:79431097249","'96.71608734"
"'1","'LINE","'público, matrícula n° 223.223-5A lotado no (a): SEDUC","'94.33714294"
"'1","'LINE","'unidade: ESC. EST. PROF ALDA BARATA","'97.97615051"
"'1","'LINE","'ocupado do Cargo de: ASSISTENTE TECNICO","'97.92792511"
"'1","'LINE","'e residente a: 11,No 477","'86.87554169"
"'1","'LINE","'CEP: 69000000","'99.43674469"
"'1","'LINE","'Bairro: ALVORADA 3","'98.51893616"
"'1","'LINE","'cidade: MANAUS/AMAZONAS","'96.43670654"
"'1","'LINE","'telefone: (92)98415-5656","'98.30741882"
"'1","'LINE","'de","'99.82633209"
"'1","'LINE","'acordo com o atestado em anexo, vem perante essa Junta Médica Pericial do Estado requerer:","'97.34365082"
"'1","'LINE","'LICENCA MATERNIDADE/ESTATUTÁRIA","'72.03580475"
"'1","'LINE","'Data 04/11/2022","'81.55970001"
"'1","'LINE","'Requerente C.I.N°","'88.27284241"
"'1","'LINE","'Ag. Setor de Pessoal","'99.55566406"
"'1","'LINE","'Para uso exclusivo da J.M.P.E","'98.98179626"
"'1","'LINE","'LAUDO MÉDICO N°","'86.93740082"
"'1","'LINE","'23/0561","'71.97853851"
"'1","'LINE","'Período","'94.41142273"
"'1","'LINE","'Data do exame","'99.72074890"
"'1","'LINE","'Licença","'92.97734070"
"'1","'LINE","'Por 180 dias","'95.65769196"
"'1","'LINE","'06/09/2022","'99.42405701"
"'1","'LINE","'à 04/03/2023","'98.72258759"
"'1","'LINE","'04/11/2022","'99.72966003"
"'1","'LINE","'LAUDO","'99.56396484"
"'1","'LINE","'Licença Negada","'98.07907867"
"'1","'LINE","'CID","'99.54162598"
"'1","'LINE","'Z39.0","'82.41271210"
"'1","'LINE","'Decurso de Prazo","'99.48538971"
"'1","'LINE","'Junta Especial","'99.23966980"
"'1","'LINE","'& Estado be Administraçãoe Certis-SEAD","'61.96040344"
"'1","'LINE","'Secretions & is","'52.71032333"
"'1","'LINE","'JUNTA MÉDICO PERICIAL DO ESTADO","'89.52643585"
"'1","'LINE","'JUNTA MÉDICO PERICIAL DO BSTADO SEAD","'78.61026764"
"'1","'LINE","'Dra Allyne senezes B. Oliveira","'61.96616364"
"'1","'LINE","'CKMAM 4312","'78.56998444"
"'1","'LINE","'Perito","'99.47165680"
"'1","'LINE","'Dra Mota V","'74.37306976"
"'1","'LINE","'Endereso: Rus igerapé de Manaus, s/n°, Quedra 3, Parque Residenci al Menaus (Pressmim), no antigo prédio onde","'61.70016098"
"'1","'LINE","'funcionars a sade do Prossmim, Contro, Manaus-AM Telefone (92)3082-6560","'54.99487686"
"'1","'LINE","'SECRETARIA DE","'98.77165222"
"'1","'LINE","'purque IX""","'55.50976944"
"'1","'LINE","'ADMINISTRAÇÃO E GESTAC","'93.78752899"
"'1","'LINE","'Scanned with CamScanner","'99.80355835"
"'1","'LINE","'Folha: 15","'99.62928772"
"'1","'LINE","'Folha: 4","'99.46852112"
"'2","'LINE","'GOVERNO DO ESTADO DO","'98.28208923"
"'2","'LINE","'AMAZONAS","'99.63584137"
"'2","'LINE","'JUNTA MÉDICA - PERICIAL DO ESTADO","'96.62705231"
"'2","'LINE","'A Junta Médica Pericial do Estado","'99.26620483"
"'2","'LINE","'servidor(a) CARMEN SILVA DE ALMEIDA","'99.17663574"
"'2","'LINE","'CPF:97036552204","'96.59283447"
"'2","'LINE","'público, matrícula n° 2346150A lotado no (a): SEDUO","'90.46743011"
"'2","'LINE","'unidade: ESC. EST. ELIAS NOVOA ALVAREZ","'94.12981415"
"'2","'LINE","'ocupado do Cargo de: PROFESSORA","'99.25971985"
"'2","'LINE","'e residente a: ANAMA, N° 24","'94.85050201"
"'2","'LINE","'CEP: 69000000","'99.39641571"
"'2","'LINE","'Bairro: ESTRADA DO IRANDUBA","'98.63778687"
"'2","'LINE","'cidade: MANAUS/AMAZONAS","'95.00222015"
"'2","'LINE","'telefone: (92)99426-3302","'96.41477966"
"'2","'LINE","'de","'99.81057739"
"'2","'LINE","'acordo com o atestado em anexo, vem perante essa Junta Médica Pericial do Estado requerer:","'97.29421997"
"'2","'LINE","'LICENÇA MATERNIDADE/ESTATUTÁRIA","'83.78009796"
"'2","'LINE","'Data 27/06/2023","'99.33821869"
"'2","'LINE","'por","'85.98646545"
"'2","'LINE","'Requerente C.I.N°","'89.73664856"
"'2","'LINE","'Ag. Setor de Pessoal","'99.29513550"
"'2","'LINE","'Para uso exclusivo da J.M.P.E","'98.21461487"
"'2","'LINE","'LAUDO MÉDICO N°","'88.08170319"
"'2","'LINE","'24/7896","'98.95549774"
"'2","'LINE","'01-10","'13.75715923"
"'2","'LINE","'Licença","'95.41610718"
"'2","'LINE","'Período","'93.70521545"
"'2","'LINE","'Data do exame","'99.68434143"
"'2","'LINE","'sa","'23.97515869"
"'2","'LINE","'Por 180 dias","'99.33345032"
"'2","'LINE","'08/05/2023","'99.57061768"
"'2","'LINE","'à 03/11/2023","'99.24909210"
"'2","'LINE","'27/06/2023","'99.13439178"
"'2","'LINE","'LAUDO","'99.57129669"
"'2","'LINE","'Licença Negada","'97.09416962"
"'2","'LINE","'CID","'99.74430847"
"'2","'LINE","'080","'92.88791656"
"'2","'LINE","'Decurso de Prazo","'99.34003448"
"'2","'LINE","'Junta Especial","'99.22492218"
"'2","'LINE","'Secretaria da Estado da Aministração 6 Gestin SEAD","'59.09098434"
"'2","'LINE","'VANILLA","'10.44913864"
"'2","'LINE","'JUNTA:MÉDICO PERICIAL DO ESTADO","'78.62917328"
"'2","'LINE","';ecretaria de Estado de Administra","'79.77502441"
"'2","'LINE","'Junta Médico - Pericial do Estato","'77.73992157"
"'2","'LINE","'Dr. Mário Jorge Macedo","'91.59608459"
"'2","'LINE","'OVERLET","'9.28156281"
"'2","'LINE","'Médico Perifo TRM/AM2078","'42.32768250"
"'2","'LINE","'Dra Allyne Kelly Menezesity","'75.64074707"
"'2","'LINE","'Perito","'99.45509338"
"'2","'LINE","'Perito","'99.35015106"
"'2","'LINE","'PresidePresidente","'22.86398697"
"'2","'LINE","'por","'31.75022888"
"'2","'LINE","'Endereço: Rualigarapé de Manaus, s/n Quadra 3. Parque Residencial Manaus (Prosamim), no antigo prédio ondo","'82.17648315"
"'2","'LINE","'funcionava a sede do Prosamim, Centro, Manaus-AM. Telefone (92)3082-6560","'87.90056610"
"'2","'LINE","'Recebi em 12/07/2023","'75.46780396"
"'2","'LINE","'Av. Marlo Ypiranga, 3280 Parque Dez","'83.14434814"
"'2","'LINE","'SECRETARIA DE","'97.98841858"
"'2","'LINE","'www.sead.am.gov.br Fone 3182-2800","'69.23281860"
"'2","'LINE","'ADMINISTRAÇÃO E GESTÃO","'96.12635040"
"'2","'LINE","'Manaus-AM CEP 69050-030","'96.07658386"
"'2","'LINE","'MARCELA LANDRADE DA SILVA MENEZES","'70.61791992"
"'2","'LINE","'Chefe de Sethr Pessoel","'72.94642639"
"'2","'LINE","'SEDUC/Iranduba","'35.68125916"
"'2","'LINE","'Matricule n° 133.771-0-A","'62.41515350"
"'2","'LINE","'R","'88.76829529"
"'2","'LINE","'Folha: 5","'99.49100494"
"'3","'LINE","'GOVERNO DO ESTADO DO","'99.58374786"
"'3","'LINE","'AMAZONAS","'99.65671539"
"'3","'LINE","'JUNTA MÉDICA - PERICIAL DO ESTADO","'96.48422241"
"'3","'LINE","'A Junta Médica Pericial do Estado","'99.01210785"
"'3","'LINE","'servidor(a) DANIELE CORDEIRO DE CASTRO","'98.82231140"
"'3","'LINE","'CPF: +85121720297","'75.17096710"
"'3","'LINE","'público, matrícula n° 217.729-3A lotado no (a): SEDUC","'89.45695496"
"'3","'LINE","'unidade: ESC. EST. PETRONIO PORTELA","'97.76184845"
"'3","'LINE","'ocupado do Cargo de: PROFESSOR","'99.56848907"
"'3","'LINE","'e residente a: 3, N° 5","'94.74104309"
"'3","'LINE","'CEP: 69000000","'99.58660889"
"'3","'LINE","'Bairro: COMPENSA III","'98.26817322"
"'3","'LINE","'cidade: MANAUS/AMAZONAS","'95.76120758"
"'3","'LINE","'telefone: (92)99433-4588","'97.82193756"
"'3","'LINE","'de","'99.90104675"
"'3","'LINE","'acordo com o atestado em anexo, vem perante essa Junta Médica Pericial do Estado requerer:","'97.49752808"
"'3","'LINE","'LICENÇA MATERNIDADE/ESTATUTÁRIA","'86.38530731"
"'3","'LINE","'por","'89.49836731"
"'3","'LINE","'Data 04/05/2023","'99.69278717"
"'3","'LINE","'Requerente C.I.N°","'91.41252899"
"'3","'LINE","'Ag. Setor de Pessoal","'99.53298950"
"'3","'LINE","'Para uso exclusivo da J.M.P.E","'98.68630219"
"'3","'LINE","'LAUDO MÉDICO N°","'89.46849823"
"'3","'LINE","'24/3431","'99.72807312"
"'3","'LINE","'01.01","'15.64355469"
"'3","'LINE","'Licença","'97.08776855"
"'3","'LINE","'Data do exame","'99.80170441"
"'3","'LINE","'sas","'21.09798622"
"'3","'LINE","'Período","'95.12540436"
"'3","'LINE","'Por 180 dias","'99.65270996"
"'3","'LINE","'26/04/2023","'99.46243286"
"'3","'LINE","'à 22/10/2023","'99.12374878"
"'3","'LINE","'04/05/2023","'99.78221893"
"'3","'LINE","'LAUDO","'99.50343323"
"'3","'LINE","'en","'66.94622040"
"'3","'LINE","'Licença Negada","'97.54435730"
"'3","'LINE","'CID Z39.2","'97.01116180"
"'3","'LINE","'Decurso de Prazo","'99.62568665"
"'3","'LINE","'Junta Especial","'99.53100586"
"'3","'LINE","'Dra lins Nilufar Zeimarami","'63.04875183"
"'3","'LINE","'VANIDA","'15.41982746"
"'3","'LINE","'decreases","'18.47185707"
"'3","'LINE","'Médica","'80.42457581"
"'3","'LINE","'the os C comm MEAL","'33.46541977"
"'3","'LINE","'OVERTE","'18.70499802"
"'3","'LINE","'CRM/AM 8621","'93.91896057"
"'3","'LINE","'JUNTA MÉDICO PERICIAL DO ESTADO","'71.33489227"
"'3","'LINE","'Date","'31.28872871"
"'3","'LINE","'Perito","'99.16417694"
"'3","'LINE","'Perito","'98.94303894"
"'3","'LINE","'Dreat dents","'52.35044861"
"'3","'LINE","'Presidente® V. Dias","'80.59020996"
"'3","'LINE","'AMOUNT","'41.11022568"
"'3","'LINE","'por","'48.38547516"
"'3","'LINE","'Endereço: Rua Igarapé de Manaus, s/n°, Quadra 3, Parque Residencial Manaus (Prosamim), no antigo prédio onde","'91.90022278"
"'3","'LINE","'funcionava a sede do Prosamim, Centro, Manaus-AM. Telefone (92)3082-6560","'96.56136322"
"'3","'LINE","'Av. Mario Ypiranga, 3280 Parque Dez","'91.34978485"
"'3","'LINE","'SECRETARIA DE","'98.83385468"
"'3","'LINE","'www.sead.am.govbr Fone 3182-2800","'80.35627747"
"'3","'LINE","'ADMINISTRAÇÃO E GESTÃO","'96.88403320"
"'3","'LINE","'Manaus-AM CEP 69050-030","'95.50311279"
"'3","'LINE","'GERENCIA DE CADASTRO a","'69.75952911"
"'3","'LINE","'APOSENTAL DRIVE","'49.89706039"
"'3","'LINE","'Recelvi am: 26/09/2023","'59.44096375"
"'3","'LINE","'FFCEPCAO-GLCAN","'23.46471596"
"'3","'LINE","'A","'79.74182892"
"'3","'LINE","'Phayle","'57.26760101"
"'3","'LINE","'Documento","'35.64119720"
"'3","'LINE","'Folha: 6","'99.37997437"
"'4","'LINE","'GOVERNO DO ESTADO DO","'97.76081085"
"'4","'LINE","'AMAZONAS","'99.68908691"
"'4","'LINE","'JUNTA MÉDICA - PERICIAL DO ESTADO","'96.80252838"
"'4","'LINE","'A Junta Médica Pericial do Estado","'99.13374329"
"'4","'LINE","'servidor(a) DJANIRA CAROLINE CALDERARO GALVAO","'98.69838715"
"'4","'LINE","'CPF: 74725823287","'98.31528473"
"'4","'LINE","'público, matrícula n° 217.699-8A lotado no (a): SEDUO","'90.08294678"
"'4","'LINE","'unidade: ESC. EST. T. C. CANDIDO J. MARIANO","'96.09214783"
"'4","'LINE","'ocupado do Cargo de: PROFESSOR","'99.60470581"
"'4","'LINE","'e residente a: VISCONDE DE PORTO SEGURO, N° 20","'95.40338898"
"'4","'LINE","'CEP: 69058090","'99.28725433"
"'4","'LINE","'Bairro: FLORES","'99.52891541"
"'4","'LINE","'cidade: MANAUS/AMAZONAS","'93.07337189"
"'4","'LINE","'telefone: (92)98197-7007","'98.48758698"
"'4","'LINE","'de","'99.86898804"
"'4","'LINE","'acordo com o atestado em anexo, vem perante essa Junta Médica Pericial do Estado requerer:","'97.17501068"
"'4","'LINE","'LICENÇA MATERNIDADE/ESTATUTÁRIA","'85.66942596"
"'4","'LINE","'por","'82.47678375"
"'4","'LINE","'Data 21/11/2023","'99.56404877"
"'4","'LINE","'Orania C.C.Goloso","'25.40101051"
"'4","'LINE","'Requerente C.I.N°","'88.42637634"
"'4","'LINE","'Ag. Setor de Pessoal","'99.54335785"
"'4","'LINE","'services","'12.12016296"
"'4","'LINE","'Para uso exclusivo da J.M.P.E","'95.67647552"
"'4","'LINE","'LAUDO MÉDICO N° 26/0266","'91.26933289"
"'4","'LINE","'00.10","'11.50956345"
"'4","'LINE","'sas","'25.95899773"
"'4","'LINE","'Licença","'93.42330170"
"'4","'LINE","'Período","'94.20774841"
"'4","'LINE","'Data do exame","'99.78279114"
"'4","'LINE","'Por 180 dias","'99.56800842"
"'4","'LINE","'21/09/2023","'99.28469086"
"'4","'LINE","'à 18/03/2024","'99.15034485"
"'4","'LINE","'21/11/2023","'99.58763885"
"'4","'LINE","'LAUDO","'99.41331482"
"'4","'LINE","'en","'73.46428680"
"'4","'LINE","'Licença Negada","'97.19253540"
"'4","'LINE","'CID","'99.73811340"
"'4","'LINE","'082","'93.97222137"
"'4","'LINE","'Decurso de Prazo","'99.52351379"
"'4","'LINE","'Junta Especial","'99.26560211"
"'4","'LINE","'SECRETARIA DE ESTADO DE ADMINISTRAÇÃO E GESTÃO","'95.01261902"
"'4","'LINE","'JUNTA MÉDICA-PERICIAL DO ESTADO","'83.63671875"
"'4","'LINE","'SECRETARIA DE ESTADO DE ADMINISTRAÇÃO E GESTÃO","'92.31748962"
"'4","'LINE","'JUNTA MÉDIC CA-PERICIAL DO ESTADO","'83.86667633"
"'4","'LINE","'OVELTE","'19.13517570"
"'4","'LINE","'Dra. Sandra Maria Kanawatti Lasmar","'96.16622162"
"'4","'LINE","'Médica Perita CRM/AM 406","'84.32823181"
"'4","'LINE","'Perito","'99.19217682"
"'4","'LINE","'Perito","'99.25568390"
"'4","'LINE","'Dra. Glaura de V Dias","'89.81523895"
"'4","'LINE","'CRM/AM 2636","'94.76016998"
"'4","'LINE","'AMOUNT","'15.87477589"
"'4","'LINE","'DOT","'44.60507965"
"'4","'LINE","'Endereço: Rua Igarapó de Manaus, s/n°, Quadra 3, Parque Residencial Manaus (Prosamim), no antigo prédio ondo","'89.85707092"
"'4","'LINE","'funcionava a sede do Prosamim, Centro, Manaus-AM. Telefone (92)3082-6560","'89.85485077"
"'4","'LINE","'estadado","'10.78967571"
"'4","'LINE","'Av. Mario Ypiranga 3280 Parque Dez","'87.29386139"
"'4","'LINE","'SECRETARIA DE","'98.20034790"
"'4","'LINE","'www.sead.am.gov.br Fone 3182-2800","'83.90245056"
"'4","'LINE","'ADMINISTRAÇÃO E GESTÃO","'95.55494690"
"'4","'LINE","'Manaus-AM CEP 69050-030","'94.41764069"
"'4","'LINE","'Sausa Mates","'20.47256279"
"'4","'LINE","'Paulo Célio Silva de Matos","'82.26091766"
"'4","'LINE","'Assist. Téc. - Mat. 239063-9A","'87.38546753"
"'4","'LINE","'GECAP/DGP/SEDUC","'77.20490265"
"'4","'LINE","'Folha: 7","'99.18203735"
"'4","'LINE","'Recebido","'98.71715546"
"'4","'LINE","'em: 05/12/2023","'96.21620941"
"'4","'LINE","'documento","'16.01203346"
"'5","'LINE","'GOVERNO DO ESTADO DO","'99.45396423"
"'5","'LINE","'AMAZONAS","'99.65435028"
"'5","'LINE","'JUNTA MÉDICA - PERICIAL DO ESTADO","'96.59215546"
"'5","'LINE","'A Junta Médica Pericial do Estado","'99.26849365"
"'5","'LINE","'servidor(a) FABIANA SARMANDO SOARES","'98.91922760"
"'5","'LINE","'CPF: 79499015272","'95.59709167"
"'5","'LINE","'público, matrícula n° 203986-9E lotado no (a): SEDUC","'89.06199646"
"'5","'LINE","'unidade: E.E.MARIA A.DO ESP.SANTO","'92.84468842"
"'5","'LINE","'ocupado do Cargo de: PROFESSOR","'99.63006592"
"'5","'LINE","'e residente a: JUREMA, N° 50","'94.33691406"
"'5","'LINE","'CEP: 69086485","'99.64179993"
"'5","'LINE","'Bairro: PAZ","'99.44046021"
"'5","'LINE","'cidade: MANAUS/AMAZONAS","'96.09992218"
"'5","'LINE","'telefone: (92) 98835-5453","'96.95814514"
"'5","'LINE","'de","'99.83656311"
"'5","'LINE","'acordo com o atestado em anexo, vem perante essa Junta Médica Pericial do Estado requerer:","'97.00914001"
"'5","'LINE","'LICENÇA MATERNIDADE/ESTATUTÁRIA","'88.38027954"
"'5","'LINE","'Data 27/10/2023","'99.21189117"
"'5","'LINE","'Faliance S","'29.90081596"
"'5","'LINE","'por","'82.74242401"
"'5","'LINE","'Requerente C.I.N°","'77.72518921"
"'5","'LINE","'Ag. Setor de Pessoal","'99.44499969"
"'5","'LINE","'emergency","'14.25603485"
"'5","'LINE","'Para uso exclusivo da J.M.P.E","'96.73883057"
"'5","'LINE","'unterioro","'13.25145531"
"'5","'LINE","'LAUDO MÉDICO N°","'88.09715271"
"'5","'LINE","'25/8330","'99.06864929"
"'5","'LINE","'09:11","'19.10803223"
"'5","'LINE","'Data do exame","'99.81638336"
"'5","'LINE","'sa","'40.75830841"
"'5","'LINE","'Licença","'95.64626312"
"'5","'LINE","'Período","'95.64459991"
"'5","'LINE","'Por 180 dias","'99.51390839"
"'5","'LINE","'05/09/2023","'99.64299011"
"'5","'LINE","'à 02/03/2024","'99.34847260"
"'5","'LINE","'27/10/2023","'98.80068970"
"'5","'LINE","'LAUDO","'99.45892334"
"'5","'LINE","'en","'75.22505188"
"'5","'LINE","'Licença Negada","'98.18377686"
"'5","'LINE","'CID Z39.2","'88.81237793"
"'5","'LINE","'Decurso de Prazo","'99.42475891"
"'5","'LINE","'Junta Especial","'99.61391449"
"'5","'LINE","'SECRETARIA DE ESTADO DE ADMINISTRAÇÃO EGi","'84.93203735"
"'5","'LINE","'Dra. Nilufar Nurani","'74.72069550"
"'5","'LINE","'JUNTAMÉDICA PÉRICIAL DO ESTADO","'83.44694519"
"'5","'LINE","'Médica","'86.15482330"
"'5","'LINE","'CRM/AM 8621","'97.50537872"
"'5","'LINE","'Dra. Glaura Janna Mota de V. Dias","'93.01110077"
"'5","'LINE","'AMOUNT","'21.10921478"
"'5","'LINE","'Perito","'99.35935974"
"'5","'LINE","'Perito","'99.25148773"
"'5","'LINE","'Presidente^","'56.14216232"
"'5","'LINE","'por","'67.98735046"
"'5","'LINE","'Endereço: Rua Igarapé de Manaus, s/n°, Quadra 3, Parque Residencial Manaus (Prosamim), no antigo prédio onde","'94.54396057"
"'5","'LINE","'funcionava a sede do Prosamim, Centro, Manaus-AM Telefone (92)3082-6560","'91.64025879"
"'5","'LINE","'Av. Mario Ypiranga 3280 Parque Dez","'86.20063019"
"'5","'LINE","'www.sead.am.gov.br Fone 3182-2800","'71.53973389"
"'5","'LINE","'RECEPÇAO","'48.40631866"
"'5","'LINE","'SECRETARIA DE","'99.10150146"
"'5","'LINE","'ADMINISTRAÇÃO E GESTÃC","'87.81249237"
"'5","'LINE","'Manaus-AM CEP 69050-030","'97.72855377"
"'5","'LINE","'Data: 14/11/23","'69.29214478"
"'5","'LINE","'As.:","'38.11731720"
"'5","'LINE","'ASS.:","'47.60783005"
"'5","'LINE","'Ron","'94.30941010"
"'5","'LINE","'Folha: 8","'99.47568512"
"'6","'LINE","'GOVERNO DO ESTADO DO","'99.34900665"
"'6","'LINE","'AMAZONAS","'99.65712738"
"'6","'LINE","'JUNTA MÉDICA - PERICIAL DO ESTADO","'96.21751404"
"'6","'LINE","'A Junta Médica Pericial do Estado","'99.34523773"
"'6","'LINE","'servidor(a) FABIANNE RODRIGUES COSTA","'97.98509216"
"'6","'LINE","'CPF:52287548220","'99.16881561"
"'6","'LINE","'público, matrícula n° 232.461-0A lotado no (a): SEDUC","'92.83612061"
"'6","'LINE","'unidade: E.E.PROF DJALMA C.B.T INT.","'96.03866577"
"'6","'LINE","'ocupado do Cargo de: PROFESSOR","'99.58643341"
"'6","'LINE","'e residente a: LUÍS PEDRO PEREGRINO, N° 12","'94.17723083"
"'6","'LINE","'CEP: 69060300","'99.11228943"
"'6","'LINE","'Bairro: ALEIXO","'99.12176514"
"'6","'LINE","'cidade: MANAUS/AMAZONAS","'95.91098022"
"'6","'LINE","'telefone: (92)99601-0668","'97.93735504"
"'6","'LINE","'de","'99.72026062"
"'6","'LINE","'acordo com o atestado em anexo, vem perante essa Junta Médica Pericial do Estado requerer:","'98.03840637"
"'6","'LINE","'LICENÇA MATERNIDADE/ESTATUTÁRIA","'90.17784882"
"'6","'LINE","'Data 30/10/2023","'99.56461334"
"'6","'LINE","'pable","'11.58030605"
"'6","'LINE","'por","'82.64862061"
"'6","'LINE","'Requerente C.I.N°","'88.06715393"
"'6","'LINE","'Ag. Setor de Pessoal","'99.46543884"
"'6","'LINE","'employees","'10.38427544"
"'6","'LINE","'Para uso exclusivo da J.M.P.E","'98.51594543"
"'6","'LINE","'LAUDO MÉDICO N°","'86.45244598"
"'6","'LINE","'25/8549","'99.69062805"
"'6","'LINE","'1","'65.88021851"
"'6","'LINE","'09:11","'19.18820000"
"'6","'LINE","'Data do exame","'99.78687286"
"'6","'LINE","'las","'23.87453461"
"'6","'LINE","'Licença","'97.15129852"
"'6","'LINE","'Período","'95.01141357"
"'6","'LINE","'Por 180 dias","'99.57014465"
"'6","'LINE","'01/09/2023","'99.70155334"
"'6","'LINE","'à 27/02/2024","'98.76931000"
"'6","'LINE","'30/10/2023","'99.39095306"
"'6","'LINE","'LAUDO","'99.51606750"
"'6","'LINE","'Licença Negada","'97.33781433"
"'6","'LINE","'CID Z39.2","'98.15369415"
"'6","'LINE","'Decurso de Prazo","'99.50505066"
"'6","'LINE","'Junta Especial","'99.59500122"
"'6","'LINE","'SECRETARIADE ESTADO DE ADMINISTRAÇÃO E GE","'84.62331390"
"'6","'LINE","'Dra. Nilufar Médica Zeimarant Nurani","'67.15181732"
"'6","'LINE","'JUNTAMÉDICA PERICIAL DO ESTADO","'87.78108215"
"'6","'LINE","'OVELTE","'13.95390797"
"'6","'LINE","'CRM/AM 8621","'83.78925323"
"'6","'LINE","'Dra. Glaura Janne Mota de V. Dias","'91.33618164"
"'6","'LINE","'Presidents-CRM/AM2636","'31.15543175"
"'6","'LINE","'Perito","'99.48744202"
"'6","'LINE","'Perito","'99.29124451"
"'6","'LINE","'Presidente","'97.90151978"
"'6","'LINE","'por","'51.59297562"
"'6","'LINE","'Endereço: Rua Igarapé de Manaus, s/n°, Quadra 3, Parque Residencial Manaus (Prosamim), no antigo prédio onde","'92.39579773"
"'6","'LINE","'funcionava a sede do Prosamim, Centro, Manaus-AM. Telefone (92)3082-6560","'94.81759644"
"'6","'LINE","'estadado","'12.21160698"
"'6","'LINE","'Av. Mario Ypiranga. 3280 Parque Dez","'82.86198425"
"'6","'LINE","'www.sead.am.gov.br Fone 3182-2800","'84.59272766"
"'6","'LINE","'GERÊNCIA DE CADASTRO C","'83.42155457"
"'6","'LINE","'SECRETARIA DE","'98.51059723"
"'6","'LINE","'APOSENTADORA-GE.""","'14.14066696"
"'6","'LINE","'ADMINISTRAÇÃO E GESTÃO","'96.94975281"
"'6","'LINE","'Manaus-AM CEP 69050-030","'97.30326843"
"'6","'LINE","'Recebi em: 30 I 11 23","'77.99285889"
"'6","'LINE","'RECEPÇÃO-GECAP","'81.14542389"
"'6","'LINE","'Diyasasto","'33.14353943"
"'6","'LINE","'Folha: 9","'99.51296234"
"'7","'LINE","'GOVERNO DO ESTADO DO","'99.55684662"
"'7","'LINE","'AMAZONAS","'99.61320496"
"'7","'LINE","'JUNTA MÉDICA - PERICIAL DO ESTADO","'96.21853638"
"'7","'LINE","'A Junta Médica Pericial do Estado","'99.33582306"
"'7","'LINE","'servidor(a) FERNANDA PINTO DE ARAGAO QUINTINO","'98.77418518"
"'7","'LINE","'CPF: 06135965441","'96.09777069"
"'7","'LINE","'público, matrícula n° 233.758-4A lotado no (a): SEDUC","'94.10209656"
"'7","'LINE","'unidade: GABINETE DO SECRETARIO","'97.70152283"
"'7","'LINE","'ocupado do Cargo de: PROFESSOR","'99.59046936"
"'7","'LINE","'e residente a: Rua Professor Jubertino Muniz, N° 1","'95.46095276"
"'7","'LINE","'CEP: 69077769","'98.91702271"
"'7","'LINE","'Bairro: Japiim","'92.39852142"
"'7","'LINE","'cidade: MANAUS/AMAZONAS","'97.26583099"
"'7","'LINE","'telefone: (92)99130-8227","'97.51869202"
"'7","'LINE","'de","'99.81473541"
"'7","'LINE","'acordo com o atestado em anexo, vem perante essa Junta Médica Pericial do Estado requerer:","'97.36599731"
"'7","'LINE","'LICENÇA MATERNIDADE/ESTATUTÁRIA","'87.14910889"
"'7","'LINE","'Data 15/09/2023","'99.49312592"
"'7","'LINE","'por","'71.99977875"
"'7","'LINE","'Requerente - C.I.N°","'87.02387238"
"'7","'LINE","'Ag. Setor de Pessoal","'99.44251251"
"'7","'LINE","'emergency","'21.83760452"
"'7","'LINE","'Para uso exclusivo da J.M.P.E","'98.75598907"
"'7","'LINE","'LAUDO MÉDICO N°","'88.40665436"
"'7","'LINE","'25/4923","'99.59782410"
"'7","'LINE","'08.11","'16.51041222"
"'7","'LINE","'Licença","'97.24095154"
"'7","'LINE","'Data do exame","'99.79633331"
"'7","'LINE","'sa","'35.85295868"
"'7","'LINE","'Período","'95.12052917"
"'7","'LINE","'Por 180 dias","'99.57401276"
"'7","'LINE","'04/09/2023","'99.80159760"
"'7","'LINE","'à 01/03/2024","'99.38546753"
"'7","'LINE","'15/09/2023","'99.39885712"
"'7","'LINE","'LAUDO","'99.32499695"
"'7","'LINE","'CID Z39.2","'85.07917023"
"'7","'LINE","'Licença Negada","'98.69113159"
"'7","'LINE","'Decurso de Prazo","'99.44274902"
"'7","'LINE","'Junta Especial","'99.49266052"
"'7","'LINE","'Drea Zeimatan iNurani","'36.50835800"
"'7","'LINE","'SECRETARIA DE ESTADO DE ADMINISTRAÇÃO E GESTÃO","'94.03949738"
"'7","'LINE","'OVELLE","'12.03826714"
"'7","'LINE","'Médica","'63.93775177"
"'7","'LINE","'JUNTA MÉDICA-PERICIAL DO ESTADO","'94.43796539"
"'7","'LINE","'CRM/AM 8621","'95.75902557"
"'7","'LINE","'Dra. Glaura Janes Mota de V. Dias","'85.64550018"
"'7","'LINE","'Perito","'99.34174347"
"'7","'LINE","'Perito","'99.16310120"
"'7","'LINE","'Presider 2636","'90.17716980"
"'7","'LINE","'DOT","'14.50212479"
"'7","'LINE","'Endereço: Rua Igarapé de Manaus, s/n°, Quadra 3, Parque Residencial Manaus (Prosamim), no antigo prédio onde","'94.79299164"
"'7","'LINE","'funcionava a sede do Prosamim, Centro, Manaus-AM. Telefone (92)3082-6560","'93.85251617"
"'7","'LINE","'Av. Mario Ypiranga 3280 Parque Dez","'97.04006195"
"'7","'LINE","'DEPARTAMENTO DE GESTÃO SEDUC","'92.33068848"
"'7","'LINE","'SECRETARIA DE","'98.54330444"
"'7","'LINE","'wwwsead.am.gov.br Fone 3182-2800","'78.61351776"
"'7","'LINE","'Manaus-AM CEP 69050-030","'96.89942932"
"'7","'LINE","'PESSOAS DGP","'97.72110748"
"'7","'LINE","'ADMINISTRAÇÃO E GESTÃC","'89.97184753"
"'7","'LINE","'RECEBIEMJ DE 061 10, MORAES 23","'69.95404053"
"'7","'LINE","'GOSHICIA BENTESH DE","'55.50677109"
"'7","'LINE","'Ass","'96.14431000"
"'7","'LINE","'Folha: 10","'99.51847839"
"'7","'LINE","'Bionia","'63.38330460"
"'8","'LINE","'GOVERNO DO ESTADO DO","'99.30487061"
"'8","'LINE","'AMAZONAS","'99.47249603"
"'8","'LINE","'JUNTA MÉDICA - PERICIAL DO ESTADO","'94.85099030"
"'8","'LINE","'A Junta Médica Pericial do Estado","'99.15602875"
"'8","'LINE","'servidor(a) MARCIA SANTOS DA SILVA","'99.17023468"
"'8","'LINE","'CPF 00044066210","'97.74977875"
"'8","'LINE","'V","'56.34688568"
"'8","'LINE","'público, matrícula n° 2288079C","'86.05170441"
"'8","'LINE","'lotado no (a): SEDUC","'93.99884033"
"'8","'LINE","'unidade: ESC. EST. CORONEL PEDRO CAMARA","'97.97996521"
"'8","'LINE","'ocupado do Cargo de: PROFESSOR","'99.31542206"
"'8","'LINE","'e residente a: Rua Alberto Rangel, N° 74","'95.52752686"
"'8","'LINE","'CEP: 69035366","'99.34449768"
"'8","'LINE","'Bairro: Compensa","'98.73931885"
"'8","'LINE","'cidade: MANAUS/AMAZONAS","'96.84885406"
"'8","'LINE","'telefone: (92) 99188-6518","'97.45825195"
"'8","'LINE","'de","'99.72077179"
"'8","'LINE","'acordo com o atestado em anexo, vem perante essa Junta Médica Pericial do Estado requerer:","'96.38339233"
"'8","'LINE","'LICENÇA MATERNIDADE/ESTATUTÁRIA","'91.00598145"
"'8","'LINE","'Data 31/08/2023","'99.46489716"
"'8","'LINE","'por","'85.33512115"
"'8","'LINE","'Requerente C.I.N°","'90.01697540"
"'8","'LINE","'Ag. Setor de Pessoal","'99.22209930"
"'8","'LINE","'Para uso exclusivo da J.M.P.E","'97.44996643"
"'8","'LINE","'LAUDO MÉDICO N°","'90.23355865"
"'8","'LINE","'25/3696","'99.65722656"
"'8","'LINE","'09:10","'13.47928333"
"'8","'LINE","'Licença","'96.19867706"
"'8","'LINE","'Data do exame","'99.71646881"
"'8","'LINE","'sas","'37.56744385"
"'8","'LINE","'Período","'94.56620026"
"'8","'LINE","'Por 180 dias","'99.62766266"
"'8","'LINE","'22/08/2023","'99.40950012"
"'8","'LINE","'à 17/02/2024","'98.93508911"
"'8","'LINE","'31/08/2023","'98.99109650"
"'8","'LINE","'LAUDO","'99.11287689"
"'8","'LINE","'en","'76.84709167"
"'8","'LINE","'Licença Negada","'97.30501556"
"'8","'LINE","'CID Z39.2","'93.45524597"
"'8","'LINE","'Decurso de Prazo","'99.50379181"
"'8","'LINE","'Junta Especial","'99.20865631"
"'8","'LINE","'WHILLING","'13.33591175"
"'8","'LINE","'SECRETARIA DE ESTADO DE ADMINISTRAÇÃO E GESTÃO","'94.80896759"
"'8","'LINE","'OVELLE","'13.20754910"
"'8","'LINE","'Dra Milufar Zeimaran Nurani","'68.88328552"
"'8","'LINE","'JUNTAMÉDICA- PERICIAL DO ESTADO","'83.99089813"
"'8","'LINE","'Médica","'79.32758331"
"'8","'LINE","'CRM/AM 8621","'93.25666809"
"'8","'LINE","'Dra. Allyne Menezes B. Oliveirs","'89.17085266"
"'8","'LINE","'Perito","'99.07838440"
"'8","'LINE","'Perito","'98.58793640"
"'8","'LINE","'Presidente, em exident CRMAM 4312","'71.13426208"
"'8","'LINE","'DOT","'30.42796326"
"'8","'LINE","'Endereço: Rua Igarapé de Manaus, s/n°, Quadra 3, Parque Residencial Manaus (Prosamim), no antigo prédio onde","'93.71347046"
"'8","'LINE","'funcionava a sede do Prosamim, Centro, Manaus-AM. Telefone (92)3082-6560","'92.50241089"
"'8","'LINE","'Av. Mario Ypiranga 3280 Parque Dez","'92.97983551"
"'8","'LINE","'www.sead.am.gov.br Fone 3182-2800","'78.77495575"
"'8","'LINE","'GERÊNCIA DE CADASTRO E","'92.84144592"
"'8","'LINE","'SECRETARIA DE","'97.77281189"
"'8","'LINE","'ADMINISTRAÇÃO E GESTAC","'87.98597717"
"'8","'LINE","'Manaus-AM CEP 69050-030","'97.72780609"
"'8","'LINE","'Recebi","'97.60050964"
"'8","'LINE","'em: OAIM ; 2023","'62.40730286"
"'8","'LINE","'RECEPÇÃO-GECAP Thayla","'67.37451172"
"'8","'LINE","'Folha: 11","'99.33628845"
"'9","'LINE","'GOVERNO DO ESTADO DO","'99.50765228"
"'9","'LINE","'AMAZONAS","'99.63219452"
"'9","'LINE","'JUNTA MÉDICA - PERICIAL DO ESTADO","'94.73143005"
"'9","'LINE","'A Junta Médica Pericial do Estado","'99.23669434"
"'9","'LINE","'servidor(a) MARCIA SANTOS DA SILVA","'96.17756653"
"'9","'LINE","'CPF: 00044066210","'84.77487183"
"'9","'LINE","'público, matrícula n° 2288079B","'89.19343567"
"'9","'LINE","'lotado no (a): SEDUO","'90.33296204"
"'9","'LINE","'unidade: ESC. EST. CORONEL PEDRO CAMARA","'97.60727692"
"'9","'LINE","'ocupado do Cargo de: PROFESSOR","'99.58408356"
"'9","'LINE","'e residente a: Rua Alberto Rangel, N°74","'93.59559631"
"'9","'LINE","'CEP: 69035366","'99.10768890"
"'9","'LINE","'Bairro: Compensa","'98.92219543"
"'9","'LINE","'cidade: MANAUS/AMAZONAS","'96.83052063"
"'9","'LINE","'telefone: (92) 99188-6518","'90.76989746"
"'9","'LINE","'de","'99.82095337"
"'9","'LINE","'acordo com o atestado em anexo, vem perante essa Junta Médica Pericial do Estado requerer:","'96.63113403"
"'9","'LINE","'LICENÇA MATERNIDADE/ESTATUTÁRIA","'90.87210846"
"'9","'LINE","'Data 31/08/2023","'99.41514587"
"'9","'LINE","'por","'82.31147766"
"'9","'LINE","'Requerente C.I.N°","'90.52720642"
"'9","'LINE","'Ag. Setor de Pessoal","'98.94551849"
"'9","'LINE","'Para uso exclusivo da J.M.P.E","'94.02797699"
"'9","'LINE","'LAUDO MÉDICO N°","'89.34272766"
"'9","'LINE","'25/3690","'99.48910522"
"'9","'LINE","'0011","'14.69392967"
"'9","'LINE","'Licença","'95.96143341"
"'9","'LINE","'Período","'95.03167725"
"'9","'LINE","'Data do exame","'99.69522095"
"'9","'LINE","'Por 180 dias","'99.63654327"
"'9","'LINE","'22/08/2023","'99.28108215"
"'9","'LINE","'à 17/02/2024","'98.99790192"
"'9","'LINE","'31/08/2023","'99.23464203"
"'9","'LINE","'LAUDO","'99.09789276"
"'9","'LINE","'en","'70.34646606"
"'9","'LINE","'Licença Negada","'97.43099976"
"'9","'LINE","'CID Z39.2","'88.48295593"
"'9","'LINE","'Decurso de Prazo","'99.50119019"
"'9","'LINE","'Junta Especial","'99.21260071"
"'9","'LINE","'Dre. Nuran","'43.88275146"
"'9","'LINE","'ESTADO DE ADMINISTRAÇÃO E GESTÃO","'80.59371185"
"'9","'LINE","'Médica","'94.59968567"
"'9","'LINE","'PERICIAL DO ESTADO","'92.64144897"
"'9","'LINE","'CRM/AM 8621","'97.55288696"
"'9","'LINE","'Dream Menezes B. Oliveira","'51.78902817"
"'9","'LINE","'AMOUNT","'10.68041515"
"'9","'LINE","'Perito","'98.87796783"
"'9","'LINE","'Perito","'99.27051544"
"'9","'LINE","'Presidente CRMAM 4312","'75.75887299"
"'9","'LINE","'por","'59.36545563"
"'9","'LINE","'Endereço: Rua Igarapé de Manaus, s/n°, Quadra 3. Parque Residencial Manaus (Prosamim), no antigo prédio onde","'91.14893341"
"'9","'LINE","'funcionava a sede do Prosamim, Centro, Manaus-AM. Telefone (92)3082-6560","'93.13934326"
"'9","'LINE","'Av Mario Ypiranga 3280 Parque Dez","'82.92603302"
"'9","'LINE","'GERENCIA DE CADASTRO E","'85.81579590"
"'9","'LINE","'SECRETARIA DE","'98.23516846"
"'9","'LINE","'www.sead:am.gov.br Fone 3182-2800","'65.51729584"
"'9","'LINE","'APOSENTADURA-GE .P","'55.59278107"
"'9","'LINE","'ADMINISTRAÇÃO E GESTÃO","'96.05942535"
"'9","'LINE","'Manaus-AM CEP 69050-030","'98.34923553"
"'9","'LINE","'Recebi em:","'93.59680176"
"'9","'LINE","'ECEPÇÃO-GECAP","'55.08063507"
"'9","'LINE","'Thoyle","'43.23666763"
"'9","'LINE","'Folha: 12","'99.58759308"
